id;code;first_name;second_name;last_name;position;room
1;RAM Rial navigating;Broderick;GB parsing interface;Bogan;users District payment;SMTP Rubber Buckinghamshire
2;SSL HTTP;Jaylon;Steel pricing 24/7;Stoltenberg;Gorgeous Forint;Unbranded Wooden
3;Supervisor Orchestrator tan;Adam;transition multi-byte Mozambique;Towne;connect;Nuevo plug-and-play content
4;Communications Steel Architect;Winfield;Crescent Product Square;Monahan;Industrial;Baht logistical
5;Soft;Torrey;XML moratorium Rubber;Batz;Granite monitor;Tasty
6;Automotive invoice;Norene;Borders Assistant;Lindgren;synthesizing Home Electronics;Shirt Developer application
7;connecting Markets;Toney;innovate;Lindgren;4th Officer Investor;mint Iranian Handmade
8;Cambridgeshire Gorgeous orchestrate;Rachelle;Automotive;Moore;deposit Pataca architecture;Mouse
9;Dollar Central integrate;Lina;Handmade holistic;Stroman;Salad;circuit payment
10;Ergonomic hacking salmon;Darrel;plum archive leverage;Purdy;Motorway;Granite solutions
